Country Name,0
Australia,168095.96746451614
Brazil,165892.74097096774
Canada,248975.80724032258
Germany,393016.45247903233
France,170052.74134516134
India,643269.8385999999
